{"min":-1.0,"max":12.0,"step":0.1,"selected":3,"last":2,"1":0.5000000000000138,"2":7.999999999999999,"3":12.0}